historical_filename,archive_status
environmental_non_screening_v0_7.pdf,present_or_regenerated
environmental_non_screening_v0_7.tex,present_or_regenerated
environmental_non_screening_v0_7.md,present_or_regenerated
verify_environmental_screening_v0_7.py,present_or_regenerated
environmental_screening_verification_v0_7.json,present_or_regenerated
environmental_screening_benchmarks_v0_7.csv,present_or_regenerated
environmental_screening_acceptance_matrix_v0_7.csv,present_or_regenerated
environmental_effective_potential_v0_7.png,present_or_regenerated
environmental_profiles_v0_7.png,present_or_regenerated
environmental_screening_map_v0_7.png,present_or_regenerated
environmental_non_screening_research_package_v0_7.zip,present_or_regenerated
