N,f_over_Mpl,f_GeV,epsilon,d_g,eta_peak,M_GeV,TR_GeV,m_eV,Omega_h2,slope
6,1.8928720334405837e-07,460914340142.7821,5.110754490289577e-12,1e-06,32.34085501740369,52921.81172445895,5292181.172445895,7.5e-29,8.253332908270476e-16,0.49999999999999994
6,1.6870239755710477e-07,410790338051.5501,4.55496473404183e-12,1e-06,36.28703615743125,59379.24938993707,5937924.938993706,7.5e-29,6.555855359618284e-16,0.49999999999999994
6,1.503561700881818e-07,366117274164.7227,4.05961659238091e-12,1e-06,40.714724220560434,66624.61361810796,6662461.361810796,7.5e-29,5.207501014913317e-16,0.49999999999999994
6,1.340050776452891e-07,326302364066.279,3.6181370964228067e-12,1e-06,45.68267193728391,74754.045990255,7475404.599025501,7.5e-29,4.1364650885010035e-16,0.49999999999999994
6,1.194321511660491e-07,290817288089.3296,3.224668081483327e-12,1e-06,51.25680095545507,83875.41913480396,8387541.913480396,7.5e-29,3.2857110117476094e-16,0.49999999999999994
6,1.0644401677007285e-07,259191180835.12738,2.8739884527919675e-12,1e-06,57.511076580502966,94109.76813156182,9410976.813156182,7.5e-29,2.6099330277756246e-16,0.49999999999999994
6,9.486832980505142e-08,231004383075.3002,2.5614449047363886e-12,1e-06,64.52848925009788,105592.89657369137,10559289.657369137,7.5e-29,2.0731434947016043e-16,0.49999999999999994
6,8.455148793793368e-08,205882873128.86853,2.2828901743242103e-12,1e-06,72.40215576683566,118477.17859888019,11847717.859888019,7.5e-29,1.6467564124764546e-16,0.49999999999999994
6,7.535659294528749e-08,183493303821.77505,2.0346280095227628e-12,1e-06,81.23655490163489,132933.58080157317,13293358.080157317,7.5e-29,1.3080651141433145e-16,0.49999999999999994
6,6.716163415705016e-08,163538579172.41714,1.8133641222403548e-12,1e-06,91.14891376354912,149153.93085580654,14915393.085580654,7.5e-29,1.039033053021871e-16,0.49999999999999994
6,5.985786944906651e-08,145753912108.47696,1.6161624751247963e-12,1e-06,102.27076333228011,167353.46295189357,16735346.295189356,7.5e-29,8.253332908270477e-17,0.49999999999999994
6,5.3348382301167704e-08,129903310903.34335,1.4404063221315283e-12,1e-06,114.74968379436703,187773.67382336484,18777367.382336482,7.5e-29,6.555855359618285e-17,0.49999999999999994
6,4.754679577383344e-08,115776447709.28442,1.2837634858935031e-12,1e-06,128.7512628425947,210685.52726189283,21068552.72618928,7.5e-29,5.2075010149133167e-17,0.49999999999999994
6,4.237612633868268e-08,103185867634.69232,1.1441554111444325e-12,1e-06,144.4612929240739,236393.04964218306,23639304.964218307,7.5e-29,4.1364650885010024e-17,0.49999999999999994
6,3.7767762353825e-08,91964501331.56387,1.0197295835532752e-12,1e-06,162.08823659313282,265237.36416724994,26523736.416724995,7.5e-29,3.28571101174761e-17,0.49999999999999994
6,3.366055362905897e-08,81963448086.75859,9.088349479845923e-13,1e-06,181.8659926827574,297601.2173660641,29760121.736606408,7.5e-29,2.6099330277756244e-17,0.49999999999999994
6,3.000000000000001e-08,73050000000.00003,8.100000000000005e-13,1e-06,204.05699999999996,333914.0579074544,33391405.790745437,7.5e-29,2.073143494701604e-17,0.49999999999999994
6,2.6737528144012386e-08,65105881030.67016,7.219132598883346e-13,1e-06,228.95571972949566,374657.73512301804,37465773.5123018,7.5e-29,1.6467564124764542e-17,0.49999999999999994
6,2.3829847041728472e-08,58025677546.60883,6.434058701266689e-13,1e-06,256.89254275448206,420372.89285500307,42037289.28550031,7.5e-29,1.3080651141433136e-17,0.49999999999999994
6,2.1238373531524127e-08,51715439549.26125,5.734360853511516e-13,1e-06,288.23817374308555,471666.14347161615,47166614.34716161,7.5e-29,1.0390330530218709e-17,0.49999999999999994
6,1.8928720334405835e-08,46091434014.278206,5.110754490289577e-13,1e-06,323.408550174037,529218.1172445895,52921811.72445895,7.5e-29,8.253332908270473e-18,0.49999999999999994
6,1.687023975571048e-08,41079033805.155014,4.55496473404183e-13,1e-06,362.8703615743124,593792.4938993707,59379249.389937066,7.5e-29,6.555855359618286e-18,0.49999999999999994
6,1.503561700881818e-08,36611727416.47227,4.059616592380909e-13,1e-06,407.1472422056044,666246.1361810797,66624613.61810797,7.5e-29,5.207501014913316e-18,0.49999999999999994
6,1.340050776452891e-08,32630236406.627895,3.6181370964228064e-13,1e-06,456.8267193728392,747540.4599025501,74754045.99025501,7.5e-29,4.1364650885010035e-18,0.49999999999999994
6,1.1943215116604912e-08,29081728808.93296,3.2246680814833267e-13,1e-06,512.5680095545507,838754.1913480397,83875419.13480397,7.5e-29,3.2857110117476093e-18,0.49999999999999994
6,1.0644401677007286e-08,25919118083.51274,2.8739884527919675e-13,1e-06,575.1107658050295,941097.6813156185,94109768.13156185,7.5e-29,2.6099330277756245e-18,0.49999999999999994
6,9.486832980505142e-09,23100438307.53002,2.561444904736389e-13,1e-06,645.2848925009788,1055928.9657369133,105592896.57369132,7.5e-29,2.0731434947016047e-18,0.49999999999999994
6,8.455148793793351e-09,20588287312.88681,2.282890174324205e-13,1e-06,724.021557668358,1184771.7859888047,118477178.59888047,7.5e-29,1.646756412476448e-18,0.49999999999999994
6,7.535659294528749e-09,18349330382.1775,2.0346280095227626e-13,1e-06,812.3655490163493,1329335.808015732,132933580.80157322,7.5e-29,1.3080651141433134e-18,0.49999999999999994
6,6.716163415705016e-09,16353857917.241714,1.813364122240355e-13,1e-06,911.4891376354914,1491539.3085580652,149153930.85580653,7.5e-29,1.0390330530218712e-18,0.49999999999999994
6,5.985786944906651e-09,14575391210.847694,1.616162475124796e-13,1e-06,1022.7076333228014,1673534.6295189357,167353462.95189357,7.5e-29,8.253332908270476e-19,0.49999999999999994
6,5.33483823011677e-09,12990331090.334335,1.4404063221315281e-13,1e-06,1147.4968379436702,1877736.7382336487,187773673.82336488,7.5e-29,6.555855359618285e-19,0.49999999999999994
6,4.754679577383334e-09,11577644770.92842,1.2837634858935004e-13,1e-06,1287.5126284259495,2106855.2726189326,210685527.26189327,7.5e-29,5.207501014913295e-19,0.49999999999999994
6,4.237612633868268e-09,10318586763.469233,1.1441554111444324e-13,1e-06,1444.6129292407386,2363930.4964218307,236393049.64218307,7.5e-29,4.136465088501004e-19,0.49999999999999994
6,3.7767762353825e-09,9196450133.156387,1.019729583553275e-13,1e-06,1620.8823659313275,2652373.6416725,265237364.16725,7.5e-29,3.2857110117476094e-19,0.49999999999999994
6,3.366055362905897e-09,8196344808.675859,9.088349479845924e-14,1e-06,1818.6599268275736,2976012.1736606406,297601217.3660641,7.5e-29,2.609933027775625e-19,0.49999999999999994
6,3.0000000000000012e-09,7305000000.000003,8.100000000000005e-14,1e-06,2040.5699999999995,3339140.5790745434,333914057.9074544,7.5e-29,2.0731434947016045e-19,0.49999999999999994
6,2.6737528144012333e-09,6510588103.067003,7.219132598883332e-14,1e-06,2289.557197294961,3746577.351230188,374657735.1230188,7.5e-29,1.646756412476448e-19,0.49999999999999994
6,2.3829847041728472e-09,5802567754.660883,6.434058701266689e-14,1e-06,2568.925427544822,4203728.92855003,420372892.855003,7.5e-29,1.3080651141433135e-19,0.49999999999999994
6,2.1238373531524126e-09,5171543954.926125,5.734360853511514e-14,1e-06,2882.3817374308555,4716661.434716163,471666143.4716163,7.5e-29,1.0390330530218708e-19,0.49999999999999994
6,1.8928720334405834e-09,4609143401.42782,5.110754490289576e-14,1e-06,3234.085501740369,5292181.172445896,529218117.2445896,7.5e-29,8.253332908270474e-20,0.49999999999999994
6,1.687023975571048e-09,4107903380.5155015,4.55496473404183e-14,1e-06,3628.703615743124,5937924.938993706,593792493.8993707,7.5e-29,6.555855359618286e-20,0.49999999999999994
6,1.503561700881815e-09,3661172741.647219,4.0596165923809006e-14,1e-06,4071.472422056052,6662461.361810812,666246136.1810812,7.5e-29,5.2075010149132944e-20,0.49999999999999994
6,1.340050776452891e-09,3263023640.66279,3.6181370964228064e-14,1e-06,4568.26719372839,7475404.599025502,747540459.9025502,7.5e-29,4.136465088501004e-20,0.49999999999999994
6,1.1943215116604912e-09,2908172880.8932962,3.224668081483327e-14,1e-06,5125.680095545506,8387541.9134803945,838754191.3480395,7.5e-29,3.28571101174761e-20,0.49999999999999994
6,1.0644401677007285e-09,2591911808.351274,2.873988452791967e-14,1e-06,5751.107658050294,9410976.813156186,941097681.3156185,7.5e-29,2.609933027775625e-20,0.49999999999999994
6,9.48683298050514e-10,2310043830.7530017,2.5614449047363882e-14,1e-06,6452.848925009789,10559289.657369137,1055928965.7369137,7.5e-29,2.0731434947016038e-20,0.49999999999999994
6,8.455148793793351e-10,2058828731.288681,2.2828901743242052e-14,1e-06,7240.2155766835795,11847717.859888045,1184771785.9888046,7.5e-29,1.6467564124764477e-20,0.49999999999999994
6,7.535659294528749e-10,1834933038.2177503,2.0346280095227626e-14,1e-06,8123.655490163491,13293358.08015732,1329335808.0157318,7.5e-29,1.3080651141433138e-20,0.49999999999999994
6,6.716163415705016e-10,1635385791.7241714,1.8133641222403547e-14,1e-06,9114.891376354914,14915393.085580654,1491539308.5580654,7.5e-29,1.039033053021871e-20,0.49999999999999994
6,2.1238373531524128e-07,517154395492.6125,5.734360853511516e-12,1e-06,28.823817374308554,47166.61434716161,4716661.434716161,7.5e-29,1.039033053021871e-15,0.49999999999999994
6,2.3829847041728474e-07,580256775466.0884,6.434058701266689e-12,1e-06,25.689254275448206,42037.28928550031,4203728.928550031,7.5e-29,1.3080651141433143e-15,0.49999999999999994
6,2.6737528144012386e-07,651058810306.7017,7.219132598883345e-12,1e-06,22.895571972949558,37465.773512301814,3746577.3512301813,7.5e-29,1.6467564124764545e-15,0.49999999999999994
6,3.000000000000001e-07,730500000000.0002,8.100000000000005e-12,1e-06,20.4057,33391.40579074543,3339140.5790745434,7.5e-29,2.073143494701604e-15,0.49999999999999994
8,4.2376126338682677e-07,1031858676346.9232,1.4949110862642192e-11,1e-06,18.874777519275266,8155519791.47773,815551979147.773,7.5e-29,2.3267616122818146e-15,0.3826834323650898
6,3.36605536290589e-07,819634480867.5842,9.088349479845906e-12,1e-06,18.186599268275774,29760.121736606463,2976012.173660646,7.5e-29,2.6099330277756134e-15,0.49999999999999994
8,4.7546795773833444e-07,1157764477092.8442,1.6773178263290477e-11,1e-06,16.822163171119822,6862014730.140599,686201473014.0599,7.5e-29,2.9292193208887406e-15,0.3826834323650898
6,3.776776235382508e-07,919645013315.6406,1.0197295835532773e-11,1e-06,16.208823659313246,26523.73641672494,2652373.641672494,7.5e-29,3.2857110117476224e-15,0.49999999999999994
8,5.33483823011677e-07,1299033109033.4336,1.8819815548708462e-11,1e-06,14.992768707699486,5773665855.838071,577366585583.8071,7.5e-29,3.687668639785287e-15,0.3826834323650898
6,4.2376126338682677e-07,1031858676346.9232,1.1441554111444325e-11,1e-06,14.446129292407388,23639.304964218307,2363930.4964218307,7.5e-29,4.1364650885010026e-15,0.49999999999999994
8,5.985786944906638e-07,1457539121084.7664,2.1116180352209917e-11,1e-06,13.362319175959435,4857934400.584903,485793440058.4903,7.5e-29,4.642499760902124e-15,0.3826834323650898
6,4.7546795773833444e-07,1157764477092.8442,1.2837634858935033e-11,1e-06,12.875126284259473,21068.552726189275,2106855.2726189275,7.5e-29,5.207501014913316e-15,0.49999999999999994
8,6.71616341570503e-07,1635385791724.1748,2.36927440395481e-11,1e-06,11.909179501216364,4087442403.08319,408744240308.319,7.5e-29,5.844560923248049e-15,0.3826834323650898
6,5.33483823011677e-07,1299033109033.4336,1.4404063221315283e-11,1e-06,11.474968379436703,18777.367382336484,1877736.7382336485,7.5e-29,6.555855359618286e-15,0.49999999999999994
8,7.535659294528749e-07,1834933038217.7502,2.6583696045425807e-11,1e-06,10.614067402862265,3439154179.708759,343915417970.87585,7.5e-29,7.35786626705614e-15,0.3826834323650898
6,5.985786944906638e-07,1457539121084.7664,1.6161624751247926e-11,1e-06,10.22707633322803,16735.346295189396,1673534.6295189396,7.5e-29,8.253332908270442e-15,0.49999999999999994
8,8.455148793793368e-07,2058828731288.685,2.9827397546521874e-11,1e-06,9.459797530215804,2893687618.1757174,289368761817.5717,7.5e-29,9.263004820180057e-15,0.3826834323650898
6,6.71616341570503e-07,1635385791724.1748,1.8133641222403584e-11,1e-06,9.114891376354896,14915.393085580623,1491539.3085580622,7.5e-29,1.0390330530218752e-14,0.49999999999999994
8,9.486832980505142e-07,2310043830753.002,3.3466890490998634e-11,1e-06,8.431053423360126,2434734703.3719068,243473470337.19067,7.5e-29,1.1661432157696526e-14,0.3826834323650898
6,7.535659294528749e-07,1834933038217.7502,2.0346280095227628e-11,1e-06,8.123655490163493,13293.358080157317,1329335.8080157316,7.5e-29,1.3080651141433137e-14,0.49999999999999994
8,1.0644401677007263e-06,2591911808351.2686,3.755046873900335e-11,1e-06,7.514184273025443,2048573950.612079,204857395061.2079,7.5e-29,1.4680873281237828e-14,0.3826834323650898
6,8.455148793793368e-07,2058828731288.685,2.28289017432421e-11,1e-06,7.240215576683568,11847.71785988802,1184771.785988802,7.5e-29,1.6467564124764545e-14,0.49999999999999994
8,1.1943215116604936e-06,2908172880893.302,4.21323188928508e-11,1e-06,6.697023782643751,1723660169.345903,172366016934.5903,7.5e-29,1.848212444108038e-14,0.3826834323650898
6,9.486832980505142e-07,2310043830753.002,2.5614449047363886e-11,1e-06,6.452848925009788,10559.289657369136,1055928.9657369135,7.5e-29,2.073143494701604e-14,0.49999999999999994
8,1.340050776452891e-06,3263023640662.7896,4.727323932031386e-11,1e-06,5.968728728985251,1450279292.3349774,145027929233.49774,7.5e-29,2.3267616122818147e-14,0.3826834323650898
6,1.0644401677007263e-06,2591911808351.2686,2.8739884527919614e-11,1e-06,5.751107658050308,9410.976813156203,941097.6813156203,7.5e-29,2.609933027775614e-14,0.49999999999999994
8,1.5035617008818181e-06,3661172741647.227,5.304144691202533e-11,1e-06,5.319635079173946,1220257950.5992825,122025795059.92825,7.5e-29,2.929219320888742e-14,0.3826834323650898
6,1.1943215116604936e-06,2908172880893.302,3.224668081483333e-11,1e-06,5.125680095545495,8387.54191348038,838754.1913480379,7.5e-29,3.2857110117476227e-14,0.49999999999999994
8,1.687023975571048e-06,4107903380515.502,5.951348227817028e-11,1e-06,4.741129754842962,1026719111.1881596,102671911118.81596,7.5e-29,3.687668639785287e-14,0.3826834323650898
6,1.340050776452891e-06,3263023640662.7896,3.6181370964228065e-11,1e-06,4.568267193728392,7475.404599025501,747540.4599025501,7.5e-29,4.136465088501002e-14,0.49999999999999994
8,1.8928720334405836e-06,4609143401427.821,6.677522539588002e-11,1e-06,4.225536341817597,863876471.9879881,86387647198.79881,7.5e-29,4.6424997609021434e-14,0.3826834323650898
6,1.5035617008818181e-06,3661172741647.227,4.0596165923809096e-11,1e-06,4.071472422056044,6662.461361810797,666246.1361810797,7.5e-29,5.2075010149133176e-14,0.49999999999999994
8,2.123837353152417e-06,5171543954926.136,7.492303518435049e-11,1e-06,3.7660132287631716,726861466.5122852,72686146651.22852,7.5e-29,5.844560923248048e-14,0.3826834323650898
6,1.687023975571048e-06,4107903380515.502,4.554964734041831e-11,1e-06,3.628703615743124,5937.924938993707,593792.4938993707,7.5e-29,6.555855359618287e-14,0.49999999999999994
8,2.3829847041728475e-06,5802567754660.884,8.406502812915652e-11,1e-06,3.3564628231592737,611577706.5725387,61157770657.253876,7.5e-29,7.357866267056142e-14,0.3826834323650898
6,1.8928720334405836e-06,4609143401427.821,5.1107544902895765e-11,1e-06,3.2340855017403674,5292.181172445896,529218.1172445896,7.5e-29,8.253332908270476e-14,0.49999999999999994
8,2.6737528144012385e-06,6510588103067.016,9.432251292232724e-11,1e-06,2.991450639951745,514578511.0486452,51457851104.86452,7.5e-29,9.263004820180057e-14,0.3826834323650898
6,2.123837353152417e-06,5171543954926.136,5.734360853511527e-11,1e-06,2.8823817374308494,4716.661434716153,471666.14347161533,7.5e-29,1.0390330530218753e-13,0.49999999999999994
8,3.000000000000001e-06,7305000000000.002,1.0583160015498653e-10,1e-06,2.666133189237787,432963859.1913487,43296385919.134865,7.5e-29,1.1661432157696524e-13,0.3826834323650898
6,2.3829847041728475e-06,5802567754660.884,6.434058701266689e-11,1e-06,2.5689254275448206,4203.72892855003,420372.892855003,7.5e-29,1.3080651141433144e-13,0.49999999999999994
8,3.366055362905897e-06,8196344808675.859,1.1874500842220164e-10,1e-06,2.3761937060976885,364293687.6315541,36429368763.15541,7.5e-29,1.4680873281237891e-13,0.3826834323650898
6,2.6737528144012385e-06,6510588103067.016,7.219132598883345e-11,1e-06,2.289557197294956,3746.5773512301816,374657.73512301815,7.5e-29,1.646756412476454e-13,0.49999999999999994
8,3.7767762353825077e-06,9196450133156.406,1.3323409080595225e-10,1e-06,2.1177848697470667,306514938.90520215,30651493890.520214,7.5e-29,1.8482124441080381e-13,0.3826834323650898
6,3.000000000000001e-06,7305000000000.002,8.100000000000004e-11,1e-06,2.04057,3339.140579074544,333914.0579074544,7.5e-29,2.073143494701604e-13,0.49999999999999994
8,4.237612633868268e-06,10318586763469.234,1.4949110862642193e-10,1e-06,1.8874777519275256,257900180.43651104,25790018043.651104,7.5e-29,2.3267616122818146e-13,0.3826834323650898
6,3.366055362905897e-06,8196344808675.859,9.088349479845924e-11,1e-06,1.8186599268275738,2976.0121736606407,297601.2173660641,7.5e-29,2.609933027775625e-13,0.49999999999999994
8,4.7546795773833446e-06,11577644770928.443,1.677317826329048e-10,1e-06,1.6822163171119822,216995958.84869966,21699595884.869965,7.5e-29,2.9292193208887416e-13,0.3826834323650898
6,3.7767762353825077e-06,9196450133156.406,1.0197295835532772e-10,1e-06,1.6208823659313245,2652.3736416724946,265237.36416724947,7.5e-29,3.2857110117476223e-13,0.49999999999999994
8,5.33483823011677e-06,12990331090334.336,1.8819815548708464e-10,1e-06,1.4992768707699484,182579345.53193673,18257934553.193672,7.5e-29,3.687668639785286e-13,0.3826834323650898
6,4.237612633868268e-06,10318586763469.234,1.1441554111444328e-10,1e-06,1.4446129292407384,2363.93049642183,236393.049642183,7.5e-29,4.1364650885010035e-13,0.49999999999999994
8,5.985786944906651e-06,14575391210847.695,2.1116180352209964e-10,1e-06,1.3362319175959407,153621374.29533055,15362137429.533056,7.5e-29,4.642499760902143e-13,0.3826834323650898
6,4.7546795773833446e-06,11577644770928.443,1.2837634858935033e-10,1e-06,1.2875126284259473,2106.8552726189278,210685.52726189277,7.5e-29,5.207501014913318e-13,0.49999999999999994
8,6.71616341570503e-06,16353857917241.748,2.3692744039548105e-10,1e-06,1.1909179501216367,129256277.98494925,12925627798.494925,7.5e-29,5.844560923248049e-13,0.3826834323650898
8,7.535659294528749e-06,18349330382177.504,2.6583696045425806e-10,1e-06,1.0614067402862257,108755604.32367718,10875560432.367718,7.5e-29,7.357866267056141e-13,0.3826834323650898
8,8.455148793793368e-06,20588287312886.85,2.9827397546521875e-10,1e-06,0.9459797530215802,91506437.10462917,9150643710.462917,7.5e-29,9.263004820180058e-13,0.3826834323650898
8,9.486832980505141e-06,23100438307530.02,3.346689049099863e-10,1e-06,0.8431053423360126,76993071.60909669,7699307160.909669,7.5e-29,1.1661432157696525e-12,0.3826834323650898
8,1.0644401677007285e-05,25919118083512.74,3.7550468739003424e-10,1e-06,0.7514184273025427,64781596.392234385,6478159639.223438,7.5e-29,1.4680873281237887e-12,0.3826834323650898
8,1.1943215116604936e-05,29081728808933.02,4.21323188928508e-10,1e-06,0.6697023782643753,54506920.47244594,5450692047.244595,7.5e-29,1.8482124441080378e-12,0.3826834323650898
8,1.340050776452891e-05,32630236406627.895,4.727323932031385e-10,1e-06,0.5968728728985251,45861858.07155707,4586185807.155706,7.5e-29,2.3267616122818143e-12,0.3826834323650898
8,1.503561700881818e-05,36611727416472.27,5.304144691202532e-10,1e-06,0.5319635079173943,38587944.56822962,3858794456.8229623,7.5e-29,2.9292193208887422e-12,0.3826834323650898
8,1.687023975571048e-05,41079033805155.016,5.951348227817029e-10,1e-06,0.47411297548429626,32467709.085782506,3246770908.5782504,7.5e-29,3.687668639785287e-12,0.3826834323650898
8,1.8928720334405835e-05,46091434014278.21,6.677522539588003e-10,1e-06,0.42255363418175984,27318172.685126897,2731817268.5126896,7.5e-29,4.6424997609021435e-12,0.3826834323650898
8,2.123837353152417e-05,51715439549261.36,7.492303518435049e-10,1e-06,0.37660132287631715,22985377.77589026,2298537777.589026,7.5e-29,5.844560923248049e-12,0.3826834323650898
10,2.673752814401239e-05,65105881030670.164,1.1680801914285616e-09,1e-06,0.3704581364410188,540924110942.2949,54092411094229.49,7.5e-29,5.928323084915237e-12,0.3090169943749474
8,2.3829847041728474e-05,58025677546608.836,8.406502812915653e-10,1e-06,0.3356462823159274,19339785.189513512,1933978518.9513512,7.5e-29,7.357866267056143e-12,0.3826834323650898
10,3e-05,73050000000000.0,1.3106075308874151e-09,1e-06,0.33017116164233734,429671294164.5952,42967129416459.52,7.5e-29,7.463316580925772e-12,0.3090169943749474
8,2.673752814401239e-05,65105881030670.164,9.432251292232725e-10,1e-06,0.29914506399517454,16272401.298918376,1627240129.8918376,7.5e-29,9.26300482018006e-12,0.3826834323650898
8,3e-05,73050000000000.0,1.058316001549865e-09,1e-06,0.26661331892377876,13691519.395810902,1369151939.5810902,7.5e-29,1.1661432157696516e-11,0.3826834323650898
