key,authors,title,year,identifier,role_in_project,metadata_provenance
EPS1972,J. Ehlers; F. A. E. Pirani; A. Schild,The geometry of free fall and light propagation,1972,GRG reprint 2012,Foundations; conformal/projective reconstruction,project bibliography
HKM1976,S. W. Hawking; A. R. King; P. J. McCarthy,"A new topology for curved space-time which incorporates the causal, differential, and conformal structures",1976,"J. Math. Phys. 17, 174",Causal reconstruction,project bibliography
Malament1977,D. B. Malament,The class of continuous timelike curves determines the topology of spacetime,1977,"J. Math. Phys. 18, 1399",Causal reconstruction,project bibliography
Braun2025,M. Braun,Spacetime reconstruction by order and number,2025,arXiv:2507.01907,Order and scale reconstruction,project bibliography
Gourgoulhon2006,E. Gourgoulhon; J. L. Jaramillo,A 3+1 perspective on null hypersurfaces and isolated horizons,2006,arXiv:gr-qc/0503113,Null geometry,project bibliography
Horvath2006,Z. Horvath; Z. Kovacs; L. A. Gergely,"Geometrodynamics in a spherically symmetric, static crossflow of null dust",2006,arXiv:gr-qc/0605116,Cross-null internal time,project bibliography
Mimetic2013,A. H. Chamseddine; V. Mukhanov,Mimetic Dark Matter,2013,arXiv:1308.5410,Mimetic map and novelty boundary,project bibliography
Superfluid2015,Alexander Haber; Andreas Schmitt; Stephan Stetina,Instabilities in relativistic two-component (super)fluids,2015,arXiv:1510.01982,Two-phase master-function precedent,arXiv metadata verified during consolidation
Adams2006,A. Adams; N. Arkani-Hamed; S. Dubovsky; A. Nicolis; R. Rattazzi,"Causality, analyticity and an IR obstruction to UV completion",2006,arXiv:hep-th/0602178,EFT positivity,project bibliography
ScaleClock2014,Lorenzo Fatibene; Simon Garruto; Maurizio Polistina,Breaking the Conformal Gauge by Fixing Time Protocols,2014,arXiv:1410.1284,Clock selection of conformal representative,arXiv metadata verified during consolidation
GrossNeveu2026,Parameshwar R. Pasnoori,Time-Dependent Dynamical Dimensional Transmutation in the SU(2) Gross-Neveu Model with Time-Dependent Interaction Strength,2026,arXiv:2605.05111,Time-dependent dimensional-transmutation proof of principle,arXiv metadata verified during consolidation
ScaleSymmetry2020,Ichiro Oda,Planck scale from broken local conformal invariance in Weyl geometry,2020,arXiv:2003.12256,Dynamical scale generation,arXiv metadata verified during consolidation
HiddenScale2014,Martin B. Einhorn; D. R. Timothy Jones,Naturalness and Dimensional Transmutation in Classically Scale-Invariant Gravity,2014,arXiv:1410.8513,Four-dimensional dimensional-transmutation context,arXiv metadata verified during consolidation
Shaposhnikov2009,M. Shaposhnikov; D. Zenhausern,"Scale invariance, unimodular gravity and dark energy",2009,arXiv:0809.3395,Higgs-dilaton completion,project bibliography
Foot2007,R. Foot; A. Kobakhidze; K. L. McDonald; R. R. Volkas,A solution to the hierarchy problem from an almost decoupled hidden sector within a classically scale invariant theory,2007,arXiv:0709.2750,Hidden-sector scale generation,project bibliography
Atkins2012,M. Atkins; X. Calmet,Bounds on the nonminimal coupling of the Higgs boson to gravity,2012,arXiv:1211.0281,Higgs-only induced-gravity obstruction,project bibliography
WeylHiggs2018,D. M. Ghilencea; Hyun Min Lee,Weyl gauge symmetry and its spontaneous breaking in Standard Model and inflation,2018,arXiv:1809.09174,Higgs degree-of-freedom issue,arXiv metadata verified during consolidation
CurvedSM2018,Tommi Markkanen; Sami Nurmi; Arttu Rajantie; Stephen Stopyra,The 1-loop effective potential for the Standard Model in curved spacetime,2018,arXiv:1804.02020,Curved-space counterterms and vacuum stability,arXiv metadata verified during consolidation
HiddenSU22013,Christopher D. Carone; Raymundo Ramos,"Classical scale-invariance, the electroweak scale and vector dark matter",2013,arXiv:1307.8428,Classically scale-invariant hidden non-Abelian gauge sector with Coleman-Weinberg breaking and Higgs portal,web-verified; working-note author/title attribution corrected
ScaleFifthForce2016,Pedro G. Ferreira; Christopher T. Hill; Graham G. Ross,No fifth force in a scale invariant universe,2016,arXiv:1612.03157,Universal radial-mode decoupling,arXiv metadata verified during consolidation
ScaleFifthForce2021,Edmund J. Copeland; Peter Millington; Sergio Sevillano Muñoz,Fifth forces and broken scale symmetries in the Jordan frame,2021,arXiv:2111.06357,Explicit-breaking control of fifth forces,arXiv metadata verified during consolidation
BoyleTurok2022,L. Boyle; N. Turok,Cancelling the vacuum energy and Weyl anomaly in the standard model with dimension-zero scalar fields,2022,arXiv:2110.06258,Turok 36-field proposal,project bibliography
ClineHell2026,J. M. Cline; A. Hell,Pathologies of dimension-zero scalar fields,2026,arXiv:2603.05683,Critical assessment of fourth-order scalar sector,web-verified arXiv metadata
BatemanTurok2026,S. Bateman; N. Turok,Escape from Ostrogradsky via Hidden Ghost Parity,2026,arXiv:2607.00096,Krein-space/ghost-parity proposal,web-verified arXiv metadata
ScaleInvariantDR2013,Carlos Tamarit,Running couplings with a vanishing scale anomaly,2013,arXiv:1309.0913,Scale-invariant running and QCD-lock prescription,arXiv metadata verified during consolidation
Chetyrkin1997,K. G. Chetyrkin; B. A. Kniehl; M. Steinhauser,Decoupling relations to O(alpha_s^3) and their connection to low-energy theorems,1997,arXiv:hep-ph/9708255,QCD threshold matching,project bibliography
DamourDonoghue2010,T. Damour; J. F. Donoghue,Equivalence principle violations and couplings of a light dilaton,2010,arXiv:1007.2792,Composition-dependent charges,project bibliography
MICROSCOPE2022,Pierre Touboul et al.,MICROSCOPE mission: final results of the test of the Equivalence Principle,2022,arXiv:2209.15487,Equivalence-principle bound,arXiv metadata verified during consolidation
ClockData2023,Nathaniel Sherrill et al.,Analysis of atomic-clock data to constrain variations of fundamental constants,2023,arXiv:2302.04565,Clock response analysis,arXiv metadata verified during consolidation
ClockReview2025,A. Kawasaki,Quantum sensing using atomic clocks for nuclear and particle physics,2025,arXiv:2411.19424,Clock sensitivity review,project bibliography
Clock2026,Alexander Aeppli et al.,Atomic clock frequency ratios with fractional uncertainty <= 3.2 x 10^-18,2025,arXiv:2512.21428,Current clock benchmark cited by project,arXiv metadata verified during consolidation
Thorium2026,L. Toscani De Col et al.,A thorium-229 optical nuclear clock with feedback loop,2026,arXiv:2606.04997,Thorium clock implementation,arXiv metadata verified during consolidation
DasHook2020,S. Das; A. Hook,Non-linearly realized discrete symmetries,2020,arXiv:2006.10767,Cyclic Goldstone protection,project bibliography
Brzeminski2020,D. Brzeminski; Z. Chacko; A. Dev; A. Hook,A Time-Varying Fine Structure Constant from Naturally Ultralight Dark Matter,2020,arXiv:2012.02787,Replicated-sector ultralight field precedent,project bibliography
DiLuzio2021,L. Di Luzio; B. Gavela; P. Quilez; A. Ringwald,An even lighter QCD axion,2021,arXiv:2102.00012,Cyclic axion protection precedent,project bibliography
Delaunay2026,C. Delaunay; S. J. Lee; Y. Yin; B. Yu,Natural Phantom Crossing from Axion-WIMP Interactions,2026,arXiv:2607.28721,State-dependent finite-density potential and hard-spurion warning,web-verified arXiv metadata
Hor2026,S. Hor; Y. Nakai; M. Suzuki; J. Xu,Deconstructing the Extra-Dimensional Axion,2026,arXiv:2606.02728,Wilson-line/deconstruction quality completion,web-verified arXiv metadata
Chameleon2008,Takashi Tamaki; Shinji Tsujikawa,Revisiting chameleon gravity - thin-shells and no-shells with appropriate boundary conditions,2008,arXiv:0808.2284,Environmental screening diagnostic,arXiv metadata verified during consolidation
FiniteDensity2024,Omar F. Ramadan; Jeremy Sakstein; Djuna Croon,Cosmology and Astrophysics of CP-Violating Axions,2024,arXiv:2408.02294,Matter-induced finite-density phase shifts,arXiv metadata verified during consolidation
Borsanyi2016,Sz. Borsanyi et al.,Lattice QCD for Cosmology,2016,arXiv:1606.07494,QCD trace anomaly,arXiv metadata verified during consolidation
GoldsteinHill2026,S. Goldstein; J. C. Hill,"A 2% determination of N_eff from primordial element abundance, CMB and BAO measurements",2026,arXiv:2603.13226,Dark-radiation bound,project bibliography
Arakawa2026,Jason Arakawa et al.,Probing Ultralight Dark Matter at the Mega-Planck Scale with the Thorium Nuclear Clock,2026,arXiv:2602.16804,Provisional strong-sector clock sensitivities,arXiv metadata verified during consolidation
Craig2016,Nathaniel Craig; Seth Koren; Timothy Trott,Cosmological Signals of a Mirror Twin Higgs,2016,arXiv:1611.07977,Asymmetric reheating with exact exchange symmetry,arXiv metadata verified during consolidation
Inflation2025,L. Balkenhol et al.,Inflation at the End of 2025: Constraints on r and n_s Using the Latest CMB and BAO Data,2025,arXiv:2512.10613,Inflation benchmark,arXiv metadata verified during consolidation
Isocurvature2026,Georgios K. Karananas; Mikhail Shaposhnikov,A scaling non-compact QCD axion,2026,arXiv:2606.17019,Attractor erasure of axion isocurvature,arXiv metadata verified during consolidation
LazaridesShafi1982,G. Lazarides; Q. Shafi,Axion models with no domain wall problem,1982,"Phys. Lett. B 115, 21",Domain-wall avoidance,project bibliography
CollinsHolman2005,H. Collins; R. Holman,Renormalization of initial conditions and the trans-Planckian problem of inflation,2005,arXiv:hep-th/0501158,Initial-surface renormalisation,project bibliography
CTP2007,U. Reinosa; J. Serreau,Ward Identities for the 2PI effective action in QED,2007,arXiv:0708.0971,Symmetry-preserving 2PI Ward identities,arXiv metadata verified during consolidation
ThermalPressure2021,Jean-Loïc Kneur; Marcus Benghi Pinto; Tulio E. Restrepo,Renormalization group improved pressure for hot and dense quark matter,2021,arXiv:2101.08240,RG-improved hot/dense quark-matter pressure; working-note shorthand narrowed during consolidation,arXiv metadata verified during consolidation
Berges2005,J. Berges; S. Borsanyi; U. Reinosa; J. Serreau,Nonperturbative renormalization for 2PI effective action techniques,2005,arXiv:hep-ph/0503240,2PI renormalisation,project bibliography
Tranberg2024,A. Tranberg; G. Ungersbaeck,Four results on out-of-equilibrium 2PI simulations in 3+1 dimensions,2024,arXiv:2409.06398,Two-time numerical benchmark,project bibliography
Lindner2007,M. Lindner; M. M. Muller,Comparison of Boltzmann kinetics with quantum dynamics for a chiral Yukawa model far from equilibrium,2007,arXiv:0710.2917,KB/Yukawa precedent,project bibliography
Bhattacharya2022,S. Bhattacharya; N. Joshi; S. Kaushal,Decoherence and entropy generation in an open quantum scalar-fermion system with Yukawa interaction,2022,arXiv:2206.15045,Open-system KB precedent,project bibliography
Garny2009,M. Garny; M. M. Muller,Kadanoff-Baym equations with non-Gaussian initial conditions: the equilibrium limit,2009,arXiv:0904.3600,Initial correlations,project bibliography
Dufaux2006,J. F. Dufaux; G. N. Felder; L. Kofman; M. Peloso; D. Podolsky,Preheating with Trilinear Interactions: Tachyonic Resonance,2006,arXiv:hep-ph/0602144,Failure of bosonic portal,arXiv metadata verified during consolidation
GreeneKofman1998,P. B. Greene; L. Kofman,Preheating of Fermions,1998,arXiv:hep-ph/9807339,Fermionic repair,project bibliography
Byakti2017,P. Byakti; D. Ghosh; T. Sharma,Note on gauge and gravitational anomalies of discrete Z_N symmetries,2017,arXiv:1707.03837,Discrete anomaly checks,project bibliography
Martin2001,S. P. Martin,Two-loop effective potential for a general renormalizable theory and softly broken supersymmetry,2001,arXiv:hep-ph/0111209,Factorised FFS matching,project bibliography
MartinRobertson2016,S. P. Martin; D. G. Robertson,Evaluation of the general 3-loop vacuum Feynman integral,2016,arXiv:1610.07720,Three-loop integral context,project bibliography
AMY2002,P. Arnold; G. D. Moore; L. G. Yaffe,Effective kinetic theory for high temperature gauge theories,2002,arXiv:hep-ph/0209353,Leading-order gauge-plasma kinetic theory,project bibliography
Boedeker2019,D. Boedeker; D. Schroeder,Equilibration of right-handed electrons,2019,arXiv:1902.07220,SM LPM and 2-to-2 rates,project bibliography
Adhikary2024,A. Adhikary; M. Olechowski; J. Rosiek; M. Ryczkowski,Theoretical constraints on models with vector-like fermions,2024,arXiv:2406.16050,RGE and vacuum-stability context,project bibliography
Nishiyama2010,A. Nishiyama,Entropy production in gluodynamics in temporal axial gauge in the Kadanoff-Baym approach,2010,arXiv:1011.4750,Non-Abelian KB precedent,project bibliography
AMYScalar2026,Yoshihiko Abe; Kanji Nishii,Bottom-up open EFT for non-Abelian gauge theory with dynamical color environment,2026,arXiv:2605.22822,"Source-role mismatch: retained for audit and future open-EFT direction, not as support for H <-> qD LPM normalisation",web-verified; working-note identifier/title mismatch flagged
LPMNumerics2022,Aleksi Kurkela; Robin Törnkvist; Korinna Zapp,AMY Lorentz invariant parton cascade -- the thermal equilibrium case,2022,arXiv:2211.15454,AMY Lorentz-invariant cascade and equilibrium validation; not a direct transverse-integral-equation source,web-verified; working-note role narrowed
AMY2003b,P. Arnold; G. D. Moore; L. G. Yaffe,Transport coefficients in high temperature gauge theories: beyond leading log,2003,arXiv:hep-ph/0302165,Full collision-integral normalisation,project bibliography
